"data","boletim","municipio_residencia","caso_confirmado","caso_descartado","caso_suspeito","mortes","latitude","longitude"
"22/03/2020",24,"Afonso Cláudio",0,0,1,0,-20.0778,-41.1261
"22/03/2020",24,"Cariacica",1,21,75,0,-20.2632,-40.4165
"22/03/2020",24,"Domingos Martins",0,1,4,0,-20.3603,-40.6594
"22/03/2020",24,"Fundão",0,0,1,0,-19.937,-40.4078
"22/03/2020",24,"Guarapari",0,4,9,0,-20.6772,-40.5093
"22/03/2020",24,"Itarana",0,1,0,0,-19.875,-40.8753
"22/03/2020",24,"Laranja da Terra",0,1,0,0,-19.8994,-41.0621
"22/03/2020",24,"Marechal Floriano",0,0,3,0,-20.4159,-40.67
"22/03/2020",24,"Santa Teresa",0,1,3,0,-19.9363,-40.5979
"22/03/2020",24,"Serra",0,27,127,0,-20.121,-40.3074
"22/03/2020",24,"Venda Nova do Imigrante",0,1,2,0,-20.327,-41.1355
"22/03/2020",24,"Viana",0,3,12,0,-20.3825,-40.4933
"22/03/2020",24,"Viana",0,3,12,0,-3.20451,-44.9912
"22/03/2020",24,"Vila Velha",11,73,220,0,-20.3417,-40.2875
"22/03/2020",24,"Vitória",11,63,114,0,-20.3155,-40.3128
"22/03/2020",24,"Água Doce do Norte",0,1,0,0,-18.5482,-40.9854
"22/03/2020",24,"Barra de São Francisco",0,1,6,0,-18.7548,-40.8965
"22/03/2020",24,"Boa Esperança",0,0,1,0,-24.2467,-52.7876
"22/03/2020",24,"Boa Esperança",0,0,1,0,-21.0927,-45.5612
"22/03/2020",24,"Boa Esperança",0,0,1,0,-18.5395,-40.3025
"22/03/2020",24,"Ecoporanga",0,0,1,0,-18.3702,-40.836
"22/03/2020",24,"Montanha",0,0,1,0,-18.1303,-40.3668
"22/03/2020",24,"Nova Venécia",0,2,4,0,-18.715,-40.4053
"22/03/2020",24,"Pinheiros",0,0,6,0,-18.4141,-40.2171
"22/03/2020",24,"São Mateus",0,3,3,0,-18.7214,-39.8579
"22/03/2020",24,"Alegre",0,2,0,0,-20.758,-41.5382
"22/03/2020",24,"Alfredo Chaves",0,0,1,0,-20.6396,-40.7543
"22/03/2020",24,"Anchieta",0,0,3,0,-26.5382,-53.3319
"22/03/2020",24,"Anchieta",0,0,3,0,-20.7955,-40.6425
"22/03/2020",24,"Apiacá",0,0,7,0,-21.1523,-41.5693
"22/03/2020",24,"Bom Jesus do Norte",0,0,3,0,-21.1173,-41.6731
"22/03/2020",24,"Cachoeiro de Itapemirim",1,8,14,0,-20.8462,-41.1198
"22/03/2020",24,"Castelo",0,0,5,0,-20.6033,-41.2031
"22/03/2020",24,"Dores do Rio Preto",0,0,1,0,-20.6931,-41.8405
"22/03/2020",24,"Iconha",0,0,3,0,-20.7913,-40.8132
"22/03/2020",24,"Itapemirim",0,0,2,0,-21.0095,-40.8307
"22/03/2020",24,"Marataízes",0,2,3,0,-21.0398,-40.8384
"22/03/2020",24,"Mimoso do Sul",0,0,1,0,-21.0628,-41.3615
"22/03/2020",24,"Piúma",0,2,6,0,-20.8334,-40.7268
"22/03/2020",24,"Presidente Kennedy",0,0,2,0,-8.5406,-48.5062
"22/03/2020",24,"Presidente Kennedy",0,0,2,0,-21.0964,-41.0468
"22/03/2020",24,"Vargem Alta",0,0,2,0,-20.669,-41.0179
"22/03/2020",24,"Aracruz",0,4,0,0,-19.82,-40.2764
"22/03/2020",24,"Colatina",0,5,11,0,-19.5493,-40.6269
"22/03/2020",24,"Ibiraçu",0,0,1,0,-19.8366,-40.3732
"22/03/2020",24,"Linhares",2,23,27,0,-19.3946,-40.0643
"22/03/2020",24,"Marilândia",0,0,3,0,-19.4114,-40.5456
"22/03/2020",24,"Rio Bananal",0,0,1,0,-19.2719,-40.3366
"22/03/2020",24,"São Domingos do Norte",0,0,1,0,-19.1452,-40.6281
"22/03/2020",24,"São Gabriel da Palha",0,1,0,0,-19.0182,-40.5365
"23/03/2020",25,"Afonso Cláudio",0,0,1,0,-20.0778,-41.1261
"23/03/2020",25,"Água Doce do Norte",0,1,0,0,-18.5482,-40.9854
"23/03/2020",25,"Alegre",0,2,0,0,-20.758,-41.5382
"23/03/2020",25,"Alfredo Chaves",0,0,1,0,-20.6396,-40.7543
"23/03/2020",25,"Anchieta",0,0,5,0,-26.5382,-53.3319
"23/03/2020",25,"Anchieta",0,0,5,0,-20.7955,-40.6425
"23/03/2020",25,"Apiacá",0,0,12,0,-21.1523,-41.5693
"23/03/2020",25,"Aracruz",0,4,2,0,-19.82,-40.2764
"23/03/2020",25,"Barra de São Francisco",0,2,5,0,-18.7548,-40.8965
"23/03/2020",25,"Boa Esperança",0,0,1,0,-24.2467,-52.7876
"23/03/2020",25,"Boa Esperança",0,0,1,0,-21.0927,-45.5612
"23/03/2020",25,"Boa Esperança",0,0,1,0,-18.5395,-40.3025
"23/03/2020",25,"Bom Jesus do Norte",0,0,3,0,-21.1173,-41.6731
"23/03/2020",25,"Cachoeiro de Itapemirim",1,8,16,0,-20.8462,-41.1198
"23/03/2020",25,"Cariacica",1,22,78,0,-20.2632,-40.4165
"23/03/2020",25,"Castelo",0,0,5,0,-20.6033,-41.2031
"23/03/2020",25,"Colatina",0,5,12,0,-19.5493,-40.6269
"23/03/2020",25,"Divino de São Lourenço",0,0,1,0,-20.6229,-41.6937
"23/03/2020",25,"Domingos Martins",0,1,4,0,-20.3603,-40.6594
"23/03/2020",25,"Dores do Rio Preto",0,0,1,0,-20.6931,-41.8405
"23/03/2020",25,"Ecoporanga",0,0,1,0,-18.3702,-40.836
"23/03/2020",25,"Fundão",0,0,4,0,-19.937,-40.4078
"23/03/2020",25,"Guarapari",0,4,9,0,-20.6772,-40.5093
"23/03/2020",25,"Ibiraçu",0,0,1,0,-19.8366,-40.3732
"23/03/2020",25,"Iconha",0,0,3,0,-20.7913,-40.8132
"23/03/2020",25,"Itapemirim",0,0,3,0,-21.0095,-40.8307
"23/03/2020",25,"Itarana",0,1,0,0,-19.875,-40.8753
"23/03/2020",25,"Jerônimo Monteiro",0,0,1,0,-20.7994,-41.3948
"23/03/2020",25,"Laranja da Terra",0,1,0,0,-19.8994,-41.0621
"23/03/2020",25,"Linhares",2,24,32,0,-19.3946,-40.0643
"23/03/2020",25,"Marataízes",0,2,2,0,-21.0398,-40.8384
"23/03/2020",25,"Marechal Floriano",0,0,3,0,-20.4159,-40.67
"23/03/2020",25,"Marilândia",0,0,3,0,-19.4114,-40.5456
"23/03/2020",25,"Mimoso do Sul",0,0,1,0,-21.0628,-41.3615
"23/03/2020",25,"Montanha",0,0,1,0,-18.1303,-40.3668
"23/03/2020",25,"Nova Venécia",0,2,4,0,-18.715,-40.4053
"23/03/2020",25,"Pinheiros",0,0,8,0,-18.4141,-40.2171
"23/03/2020",25,"Piúma",0,2,6,0,-20.8334,-40.7268
"23/03/2020",25,"Rio Novo do Sul",0,0,1,0,-20.8556,-40.9388
"23/03/2020",25,"Santa Maria de Jetibá",0,2,4,0,-20.0253,-40.7439
"23/03/2020",25,"Santa Teresa",0,1,1,0,-19.9363,-40.5979
"23/03/2020",25,"São Domingos do Norte",0,0,1,0,-19.1452,-40.6281
"23/03/2020",25,"São Gabriel da Palha",0,1,0,0,-19.0182,-40.5365
"23/03/2020",25,"São Mateus",0,3,4,0,-18.7214,-39.8579
"23/03/2020",25,"São Roque do Canaã",0,0,1,0,-19.7411,-40.6526
"23/03/2020",25,"Serra",0,27,137,0,-20.121,-40.3074
"23/03/2020",25,"Vargem Alta",0,0,2,0,-20.669,-41.0179
"23/03/2020",25,"Venda Nova do Imigrante",0,1,2,0,-20.327,-41.1355
"23/03/2020",25,"Viana",0,3,13,0,-20.3825,-40.4933
"23/03/2020",25,"Viana",0,3,13,0,-3.20451,-44.9912
"23/03/2020",25,"Vila Velha",12,73,227,0,-20.3417,-40.2875
"23/03/2020",25,"Vitória",13,63,114,0,-20.3155,-40.3128
"24/03/2020",26,"Afonso Cláudio",0,0,1,0,-20.0778,-41.1261
"24/03/2020",26,"Água Doce do Norte",0,1,0,0,-18.5482,-40.9854
"24/03/2020",26,"Alegre",0,2,0,0,-20.758,-41.5382
"24/03/2020",26,"Alfredo Chaves",0,0,2,0,-20.6396,-40.7543
"24/03/2020",26,"Anchieta",0,0,5,0,-26.5382,-53.3319
"24/03/2020",26,"Anchieta",0,0,5,0,-20.7955,-40.6425
"24/03/2020",26,"Apiacá",0,0,15,0,-21.1523,-41.5693
"24/03/2020",26,"Aracruz",0,4,3,0,-19.82,-40.2764
"24/03/2020",26,"Barra de São Francisco",0,2,6,0,-18.7548,-40.8965
"24/03/2020",26,"Boa Esperança",0,0,1,0,-24.2467,-52.7876
"24/03/2020",26,"Boa Esperança",0,0,1,0,-21.0927,-45.5612
"24/03/2020",26,"Boa Esperança",0,0,1,0,-18.5395,-40.3025
"24/03/2020",26,"Bom Jesus do Norte",0,0,8,0,-21.1173,-41.6731
"24/03/2020",26,"Cachoeiro de Itapemirim",1,8,23,0,-20.8462,-41.1198
"24/03/2020",26,"Cariacica",1,23,94,0,-20.2632,-40.4165
"24/03/2020",26,"Castelo",0,0,5,0,-20.6033,-41.2031
"24/03/2020",26,"Colatina",0,5,20,0,-19.5493,-40.6269
"24/03/2020",26,"Divino de São Lourenço",0,0,1,0,-20.6229,-41.6937
"24/03/2020",26,"Domingos Martins",0,1,4,0,-20.3603,-40.6594
"24/03/2020",26,"Dores do Rio Preto",0,0,1,0,-20.6931,-41.8405
"24/03/2020",26,"Ecoporanga",0,0,1,0,-18.3702,-40.836
"24/03/2020",26,"Fundão",0,0,7,0,-19.937,-40.4078
"24/03/2020",26,"Guarapari",0,4,11,0,-20.6772,-40.5093
"24/03/2020",26,"Ibiraçu",0,0,1,0,-19.8366,-40.3732
"24/03/2020",26,"Iconha",0,0,6,0,-20.7913,-40.8132
"24/03/2020",26,"Itaguaçu",0,0,1,0,-19.8018,-40.8601
"24/03/2020",26,"Itapemirim",0,0,3,0,-21.0095,-40.8307
"24/03/2020",26,"Itarana",0,1,0,0,-19.875,-40.8753
"24/03/2020",26,"Jaguaré",0,0,3,0,-18.907,-40.0759
"24/03/2020",26,"Jerônimo Monteiro",0,0,1,0,-20.7994,-41.3948
"24/03/2020",26,"Laranja da Terra",0,1,0,0,-19.8994,-41.0621
"24/03/2020",26,"Linhares",3,27,70,0,-19.3946,-40.0643
"24/03/2020",26,"Mantenópolis",0,0,2,0,-18.8594,-41.124
"24/03/2020",26,"Marataízes",0,3,2,0,-21.0398,-40.8384
"24/03/2020",26,"Marechal Floriano",0,0,3,0,-20.4159,-40.67
"24/03/2020",26,"Marilândia",0,0,3,0,-19.4114,-40.5456
"24/03/2020",26,"Mimoso do Sul",0,0,2,0,-21.0628,-41.3615
"24/03/2020",26,"Montanha",0,0,2,0,-18.1303,-40.3668
"24/03/2020",26,"Muniz Freire",0,0,2,0,-20.4652,-41.4156
"24/03/2020",26,"Nova Venécia",0,3,3,0,-18.715,-40.4053
"24/03/2020",26,"Pancas",0,0,1,0,-19.2229,-40.8534
"24/03/2020",26,"Pinheiros",0,0,9,0,-18.4141,-40.2171
"24/03/2020",26,"Piúma",0,2,8,0,-20.8334,-40.7268
"24/03/2020",26,"Ponto Belo",0,0,1,0,-18.1253,-40.5458
"24/03/2020",26,"Rio Novo do Sul",0,0,1,0,-20.8556,-40.9388
"24/03/2020",26,"Santa Maria de Jetibá",0,3,3,0,-20.0253,-40.7439
"24/03/2020",26,"Santa Teresa",1,1,0,0,-19.9363,-40.5979
"24/03/2020",26,"São Domingos do Norte",0,0,1,0,-19.1452,-40.6281
"24/03/2020",26,"São Gabriel da Palha",0,1,0,0,-19.0182,-40.5365
"24/03/2020",26,"São Mateus",0,4,7,0,-18.7214,-39.8579
"24/03/2020",26,"São Roque do Canaã",0,0,2,0,-19.7411,-40.6526
"24/03/2020",26,"Serra",1,30,188,0,-20.121,-40.3074
"24/03/2020",26,"Vargem Alta",0,0,2,0,-20.669,-41.0179
"24/03/2020",26,"Venda Nova do Imigrante",0,1,3,0,-20.327,-41.1355
"24/03/2020",26,"Viana",0,4,24,0,-20.3825,-40.4933
"24/03/2020",26,"Viana",0,4,24,0,-3.20451,-44.9912
"24/03/2020",26,"Vila Pavão",0,0,1,0,-18.6091,-40.609
"24/03/2020",26,"Vila Velha",17,80,256,0,-20.3417,-40.2875
"24/03/2020",26,"Vitória",15,72,120,0,-20.3155,-40.3128
"25/03/2020",27,"Afonso Cláudio",0,0,1,0,-20.0778,-41.1261
"25/03/2020",27,"Água Doce do Norte",0,1,2,0,-18.5482,-40.9854
"25/03/2020",27,"Alegre",0,2,1,0,-20.758,-41.5382
"25/03/2020",27,"Alfredo Chaves",0,1,3,0,-20.6396,-40.7543
"25/03/2020",27,"Anchieta",0,0,6,0,-26.5382,-53.3319
"25/03/2020",27,"Anchieta",0,0,6,0,-20.7955,-40.6425
"25/03/2020",27,"Apiacá",0,0,18,0,-21.1523,-41.5693
"25/03/2020",27,"Aracruz",0,4,5,0,-19.82,-40.2764
"25/03/2020",27,"Barra de São Francisco",0,2,6,0,-18.7548,-40.8965
"25/03/2020",27,"Boa Esperança",0,0,1,0,-24.2467,-52.7876
"25/03/2020",27,"Boa Esperança",0,0,1,0,-21.0927,-45.5612
"25/03/2020",27,"Boa Esperança",0,0,1,0,-18.5395,-40.3025
"25/03/2020",27,"Bom Jesus do Norte",0,0,10,0,-21.1173,-41.6731
"25/03/2020",27,"Cachoeiro de Itapemirim",1,9,21,0,-20.8462,-41.1198
"25/03/2020",27,"Cariacica",1,29,88,0,-20.2632,-40.4165
"25/03/2020",27,"Castelo",0,0,5,0,-20.6033,-41.2031
"25/03/2020",27,"Colatina",0,7,16,0,-19.5493,-40.6269
"25/03/2020",27,"Divino de São Lourenço",0,0,1,0,-20.6229,-41.6937
"25/03/2020",27,"Domingos Martins",0,1,8,0,-20.3603,-40.6594
"25/03/2020",27,"Dores do Rio Preto",0,0,1,0,-20.6931,-41.8405
"25/03/2020",27,"Ecoporanga",0,0,1,0,-18.3702,-40.836
"25/03/2020",27,"Fundão",0,0,10,0,-19.937,-40.4078
"25/03/2020",27,"Governador Lindenberg",0,0,1,0,-19.1864,-40.4473
"25/03/2020",27,"Guaçuí",0,0,2,0,-20.7668,-41.6734
"25/03/2020",27,"Guarapari",0,9,9,0,-20.6772,-40.5093
"25/03/2020",27,"Ibiraçu",0,0,1,0,-19.8366,-40.3732
"25/03/2020",27,"Iconha",0,0,5,0,-20.7913,-40.8132
"25/03/2020",27,"Itaguaçu",0,0,1,0,-19.8018,-40.8601
"25/03/2020",27,"Itapemirim",0,1,2,0,-21.0095,-40.8307
"25/03/2020",27,"Itarana",0,1,1,0,-19.875,-40.8753
"25/03/2020",27,"Jaguaré",0,0,3,0,-18.907,-40.0759
"25/03/2020",27,"Jerônimo Monteiro",0,1,0,0,-20.7994,-41.3948
"25/03/2020",27,"João Neiva",0,0,2,0,-19.7577,-40.386
"25/03/2020",27,"Laranja da Terra",0,1,0,0,-19.8994,-41.0621
"25/03/2020",27,"Linhares",3,29,95,0,-19.3946,-40.0643
"25/03/2020",27,"Mantenópolis",0,0,2,0,-18.8594,-41.124
"25/03/2020",27,"Marataízes",0,3,2,0,-21.0398,-40.8384
"25/03/2020",27,"Marechal Floriano",0,0,3,0,-20.4159,-40.67
"25/03/2020",27,"Marilândia",0,0,3,0,-19.4114,-40.5456
"25/03/2020",27,"Mimoso do Sul",0,0,2,0,-21.0628,-41.3615
"25/03/2020",27,"Montanha",0,0,2,0,-18.1303,-40.3668
"25/03/2020",27,"Muniz Freire",0,0,3,0,-20.4652,-41.4156
"25/03/2020",27,"Muqui",0,0,1,0,-20.9509,-41.346
"25/03/2020",27,"Nova Venécia",0,3,3,0,-18.715,-40.4053
"25/03/2020",27,"Pancas",0,0,1,0,-19.2229,-40.8534
"25/03/2020",27,"Pedro Canário",0,0,1,0,-18.3004,-39.9574
"25/03/2020",27,"Pinheiros",0,2,7,0,-18.4141,-40.2171
"25/03/2020",27,"Piúma",0,2,8,0,-20.8334,-40.7268
"25/03/2020",27,"Ponto Belo",0,0,1,0,-18.1253,-40.5458
"25/03/2020",27,"Rio Bananal",0,0,2,0,-19.2719,-40.3366
"25/03/2020",27,"Rio Novo do Sul",0,0,1,0,-20.8556,-40.9388
"25/03/2020",27,"Santa Maria de Jetibá",0,5,1,0,-20.0253,-40.7439
"25/03/2020",27,"Santa Teresa",1,1,0,0,-19.9363,-40.5979
"25/03/2020",27,"São Domingos do Norte",0,0,1,0,-19.1452,-40.6281
"25/03/2020",27,"São Gabriel da Palha",0,1,0,0,-19.0182,-40.5365
"25/03/2020",27,"São Mateus",0,4,8,0,-18.7214,-39.8579
"25/03/2020",27,"São Roque do Canaã",0,0,1,0,-19.7411,-40.6526
"25/03/2020",27,"Serra",1,38,223,0,-20.121,-40.3074
"25/03/2020",27,"Vargem Alta",0,0,2,0,-20.669,-41.0179
"25/03/2020",27,"Venda Nova do Imigrante",0,1,3,0,-20.327,-41.1355
"25/03/2020",27,"Viana",0,5,27,0,-20.3825,-40.4933
"25/03/2020",27,"Viana",0,5,27,0,-3.20451,-44.9912
"25/03/2020",27,"Vila Pavão",0,0,1,0,-18.6091,-40.609
"25/03/2020",27,"Vila Velha",17,90,254,0,-20.3417,-40.2875
"25/03/2020",27,"Vitória",15,77,127,0,-20.3155,-40.3128
"26/03/2020",28,"Afonso Cláudio",0,1,0,0,-20.0778,-41.1261
"26/03/2020",28,"Água Doce do Norte",0,1,2,0,-18.5482,-40.9854
"26/03/2020",28,"Alegre",0,2,1,0,-20.758,-41.5382
"26/03/2020",28,"Alfredo Chaves",0,1,3,0,-20.6396,-40.7543
"26/03/2020",28,"Anchieta",0,1,5,0,-26.5382,-53.3319
"26/03/2020",28,"Anchieta",0,1,5,0,-20.7955,-40.6425
"26/03/2020",28,"Apiacá",0,0,19,0,-21.1523,-41.5693
"26/03/2020",28,"Aracruz",0,5,4,0,-19.82,-40.2764
"26/03/2020",28,"Barra de São Francisco",0,2,6,0,-18.7548,-40.8965
"26/03/2020",28,"Boa Esperança",0,1,0,0,-24.2467,-52.7876
"26/03/2020",28,"Boa Esperança",0,1,0,0,-21.0927,-45.5612
"26/03/2020",28,"Boa Esperança",0,1,0,0,-18.5395,-40.3025
"26/03/2020",28,"Bom Jesus do Norte",0,0,10,0,-21.1173,-41.6731
"26/03/2020",28,"Cachoeiro de Itapemirim",1,9,24,0,-20.8462,-41.1198
"26/03/2020",28,"Cariacica",1,32,90,0,-20.2632,-40.4165
"26/03/2020",28,"Castelo",1,0,6,0,-20.6033,-41.2031
"26/03/2020",28,"Colatina",0,8,15,0,-19.5493,-40.6269
"26/03/2020",28,"Divino de São Lourenço",0,0,1,0,-20.6229,-41.6937
"26/03/2020",28,"Domingos Martins",0,1,8,0,-20.3603,-40.6594
"26/03/2020",28,"Dores do Rio Preto",0,0,1,0,-20.6931,-41.8405
"26/03/2020",28,"Ecoporanga",0,0,1,0,-18.3702,-40.836
"26/03/2020",28,"Fundão",0,0,11,0,-19.937,-40.4078
"26/03/2020",28,"Governador Lindenberg",0,0,1,0,-19.1864,-40.4473
"26/03/2020",28,"Guaçuí",0,1,2,0,-20.7668,-41.6734
"26/03/2020",28,"Guarapari",0,11,8,0,-20.6772,-40.5093
"26/03/2020",28,"Ibiraçu",0,0,1,0,-19.8366,-40.3732
"26/03/2020",28,"Iconha",0,0,5,0,-20.7913,-40.8132
"26/03/2020",28,"Itaguaçu",0,0,1,0,-19.8018,-40.8601
"26/03/2020",28,"Itapemirim",0,1,2,0,-21.0095,-40.8307
"26/03/2020",28,"Itarana",0,1,1,0,-19.875,-40.8753
"26/03/2020",28,"Jaguaré",0,2,1,0,-18.907,-40.0759
"26/03/2020",28,"Jerônimo Monteiro",0,1,1,0,-20.7994,-41.3948
"26/03/2020",28,"João Neiva",0,0,2,0,-19.7577,-40.386
"26/03/2020",28,"Laranja da Terra",0,1,0,0,-19.8994,-41.0621
"26/03/2020",28,"Linhares",3,31,98,0,-19.3946,-40.0643
"26/03/2020",28,"Mantenópolis",0,0,1,0,-18.8594,-41.124
"26/03/2020",28,"Marataízes",0,3,2,0,-21.0398,-40.8384
"26/03/2020",28,"Marechal Floriano",0,0,3,0,-20.4159,-40.67
"26/03/2020",28,"Marilândia",0,0,4,0,-19.4114,-40.5456
"26/03/2020",28,"Mimoso do Sul",0,0,3,0,-21.0628,-41.3615
"26/03/2020",28,"Montanha",0,0,2,0,-18.1303,-40.3668
"26/03/2020",28,"Muniz Freire",0,0,2,0,-20.4652,-41.4156
"26/03/2020",28,"Muqui",0,0,1,0,-20.9509,-41.346
"26/03/2020",28,"Nova Venécia",0,3,3,0,-18.715,-40.4053
"26/03/2020",28,"Pancas",0,0,2,0,-19.2229,-40.8534
"26/03/2020",28,"Pedro Canário",0,0,1,0,-18.3004,-39.9574
"26/03/2020",28,"Pinheiros",0,2,7,0,-18.4141,-40.2171
"26/03/2020",28,"Piúma",0,2,8,0,-20.8334,-40.7268
"26/03/2020",28,"Ponto Belo",0,0,1,0,-18.1253,-40.5458
"26/03/2020",28,"Rio Bananal",0,0,2,0,-19.2719,-40.3366
"26/03/2020",28,"Rio Novo do Sul",0,0,1,0,-20.8556,-40.9388
"26/03/2020",28,"Santa Maria de Jetibá",0,5,1,0,-20.0253,-40.7439
"26/03/2020",28,"Santa Teresa",1,1,0,0,-19.9363,-40.5979
"26/03/2020",28,"São Gabriel da Palha",0,1,0,0,-19.0182,-40.5365
"26/03/2020",28,"São Mateus",0,4,9,0,-18.7214,-39.8579
"26/03/2020",28,"São Roque do Canaã",0,0,1,0,-19.7411,-40.6526
"26/03/2020",28,"Serra",3,39,236,0,-20.121,-40.3074
"26/03/2020",28,"Vargem Alta",0,0,2,0,-20.669,-41.0179
"26/03/2020",28,"Venda Nova do Imigrante",0,1,3,0,-20.327,-41.1355
"26/03/2020",28,"Viana",0,5,33,0,-20.3825,-40.4933
"26/03/2020",28,"Viana",0,5,33,0,-3.20451,-44.9912
"26/03/2020",28,"Vila Pavão",0,0,1,0,-18.6091,-40.609
"26/03/2020",28,"Vila Velha",20,103,246,0,-20.3417,-40.2875
"26/03/2020",28,"Vitória",17,80,132,0,-20.3155,-40.3128
"27/03/2020",29,"Afonso Cláudio",0,1,0,0,-20.0778,-41.1261
"27/03/2020",29,"Água Doce do Norte",0,1,2,0,-18.5482,-40.9854
"27/03/2020",29,"Alegre",0,2,1,0,-20.758,-41.5382
"27/03/2020",29,"Alfredo Chaves",0,3,2,0,-20.6396,-40.7543
"27/03/2020",29,"Anchieta",0,1,5,0,-26.5382,-53.3319
"27/03/2020",29,"Anchieta",0,1,5,0,-20.7955,-40.6425
"27/03/2020",29,"Apiacá",0,0,20,0,-21.1523,-41.5693
"27/03/2020",29,"Aracruz",0,5,5,0,-19.82,-40.2764
"27/03/2020",29,"Barra de São Francisco",0,2,3,0,-18.7548,-40.8965
"27/03/2020",29,"Boa Esperança",0,1,"",0,-24.2467,-52.7876
"27/03/2020",29,"Boa Esperança",0,1,"",0,-21.0927,-45.5612
"27/03/2020",29,"Boa Esperança",0,1,"",0,-18.5395,-40.3025
"27/03/2020",29,"Bom Jesus do Norte",0,0,10,0,-21.1173,-41.6731
"27/03/2020",29,"Cachoeiro de Itapemirim",1,10,23,0,-20.8462,-41.1198
"27/03/2020",29,"Cariacica",1,36,96,0,-20.2632,-40.4165
"27/03/2020",29,"Castelo",1,1,7,0,-20.6033,-41.2031
"27/03/2020",29,"Colatina",0,8,16,0,-19.5493,-40.6269
"27/03/2020",29,"Divino de São Lourenço",0,0,1,0,-20.6229,-41.6937
"27/03/2020",29,"Domingos Martins",0,2,8,0,-20.3603,-40.6594
"27/03/2020",29,"Dores do Rio Preto",0,0,1,0,-20.6931,-41.8405
"27/03/2020",29,"Ecoporanga",0,0,1,0,-18.3702,-40.836
"27/03/2020",29,"Fundão",0,0,11,0,-19.937,-40.4078
"27/03/2020",29,"Governador Lindenberg",0,0,1,0,-19.1864,-40.4473
"27/03/2020",29,"Guaçuí",0,1,4,0,-20.7668,-41.6734
"27/03/2020",29,"Guarapari",0,13,7,0,-20.6772,-40.5093
"27/03/2020",29,"Ibiraçu",0,0,1,0,-19.8366,-40.3732
"27/03/2020",29,"Iconha",0,0,4,0,-20.7913,-40.8132
"27/03/2020",29,"Itaguaçu",0,0,1,0,-19.8018,-40.8601
"27/03/2020",29,"Itapemirim",0,1,2,0,-21.0095,-40.8307
"27/03/2020",29,"Itarana",0,1,1,0,-19.875,-40.8753
"27/03/2020",29,"Jaguaré",0,2,1,0,-18.907,-40.0759
"27/03/2020",29,"Jerônimo Monteiro",0,1,1,0,-20.7994,-41.3948
"27/03/2020",29,"João Neiva",0,0,3,0,-19.7577,-40.386
"27/03/2020",29,"Laranja da Terra",0,1,"",0,-19.8994,-41.0621
"27/03/2020",29,"Linhares",4,34,95,0,-19.3946,-40.0643
"27/03/2020",29,"Mantenópolis",0,0,2,0,-18.8594,-41.124
"27/03/2020",29,"Marataízes",0,3,3,0,-21.0398,-40.8384
"27/03/2020",29,"Marechal Floriano",0,0,3,0,-20.4159,-40.67
"27/03/2020",29,"Marilândia",0,0,5,0,-19.4114,-40.5456
"27/03/2020",29,"Mimoso do Sul",0,0,5,0,-21.0628,-41.3615
"27/03/2020",29,"Montanha",0,0,2,0,-18.1303,-40.3668
"27/03/2020",29,"Muniz Freire",0,0,2,0,-20.4652,-41.4156
"27/03/2020",29,"Muqui",0,0,1,0,-20.9509,-41.346
"27/03/2020",29,"Nova Venécia",0,3,3,0,-18.715,-40.4053
"27/03/2020",29,"Pancas",0,0,2,0,-19.2229,-40.8534
"27/03/2020",29,"Pedro Canário",0,0,1,0,-18.3004,-39.9574
"27/03/2020",29,"Pinheiros",0,2,7,0,-18.4141,-40.2171
"27/03/2020",29,"Piúma",0,3,9,0,-20.8334,-40.7268
"27/03/2020",29,"Ponto Belo",0,0,1,0,-18.1253,-40.5458
"27/03/2020",29,"Rio Bananal",0,0,3,0,-19.2719,-40.3366
"27/03/2020",29,"Rio Novo do Sul",0,0,2,0,-20.8556,-40.9388
"27/03/2020",29,"Santa Maria de Jetibá",0,5,1,0,-20.0253,-40.7439
"27/03/2020",29,"Santa Teresa",1,1,"",0,-19.9363,-40.5979
"27/03/2020",29,"São Gabriel da Palha",0,1,"",0,-19.0182,-40.5365
"27/03/2020",29,"São Mateus",0,5,7,0,-18.7214,-39.8579
"27/03/2020",29,"São Roque do Canaã",1,0,1,0,-19.7411,-40.6526
"27/03/2020",29,"Serra",5,42,265,0,-20.121,-40.3074
"27/03/2020",29,"Vargem Alta",0,0,2,0,-20.669,-41.0179
"27/03/2020",29,"Venda Nova do Imigrante",0,1,3,0,-20.327,-41.1355
"27/03/2020",29,"Viana",0,5,37,0,-20.3825,-40.4933
"27/03/2020",29,"Viana",0,5,37,0,-3.20451,-44.9912
"27/03/2020",29,"Vila Pavão",0,0,1,0,-18.6091,-40.609
"27/03/2020",29,"Vila Velha",21,116,260,0,-20.3417,-40.2875
"27/03/2020",29,"Vitória",18,96,142,0,-20.3155,-40.3128
"28/03/2020",30,"Afonso Cláudio",0,1,0,0,-20.0778,-41.1261
"28/03/2020",30,"Água Doce do Norte",0,1,2,0,-18.5482,-40.9854
"28/03/2020",30,"Alegre",0,2,1,0,-20.758,-41.5382
"28/03/2020",30,"Alfredo Chaves",0,3,2,0,-20.6396,-40.7543
"28/03/2020",30,"Anchieta",0,1,5,0,-26.5382,-53.3319
"28/03/2020",30,"Anchieta",0,1,5,0,-20.7955,-40.6425
"28/03/2020",30,"Apiacá",0,0,20,0,-21.1523,-41.5693
"28/03/2020",30,"Aracruz",0,6,4,0,-19.82,-40.2764
"28/03/2020",30,"Barra de São Francisco",0,2,3,0,-18.7548,-40.8965
"28/03/2020",30,"Boa Esperança",0,1,0,0,-24.2467,-52.7876
"28/03/2020",30,"Boa Esperança",0,1,0,0,-21.0927,-45.5612
"28/03/2020",30,"Boa Esperança",0,1,0,0,-18.5395,-40.3025
"28/03/2020",30,"Bom Jesus do Norte",0,0,10,0,-21.1173,-41.6731
"28/03/2020",30,"Cachoeiro de Itapemirim",1,12,22,0,-20.8462,-41.1198
"28/03/2020",30,"Cariacica",1,46,86,0,-20.2632,-40.4165
"28/03/2020",30,"Castelo",1,4,3,0,-20.6033,-41.2031
"28/03/2020",30,"Colatina",0,10,14,0,-19.5493,-40.6269
"28/03/2020",30,"Divino de São Lourenço",0,1,0,0,-20.6229,-41.6937
"28/03/2020",30,"Domingos Martins",0,5,5,0,-20.3603,-40.6594
"28/03/2020",30,"Dores do Rio Preto",0,0,1,0,-20.6931,-41.8405
"28/03/2020",30,"Ecoporanga",0,0,1,0,-18.3702,-40.836
"28/03/2020",30,"Fundão",0,0,11,0,-19.937,-40.4078
"28/03/2020",30,"Guaçuí",0,2,3,0,-20.7668,-41.6734
"28/03/2020",30,"Guarapari",1,13,6,0,-20.6772,-40.5093
"28/03/2020",30,"Ibiraçu",0,0,1,0,-19.8366,-40.3732
"28/03/2020",30,"Iconha",0,0,4,0,-20.7913,-40.8132
"28/03/2020",30,"Itaguaçu",0,0,1,0,-19.8018,-40.8601
"28/03/2020",30,"Itapemirim",1,2,0,0,-21.0095,-40.8307
"28/03/2020",30,"Itarana",0,1,1,0,-19.875,-40.8753
"28/03/2020",30,"Jaguaré",0,2,1,0,-18.907,-40.0759
"28/03/2020",30,"Jerônimo Monteiro",0,1,1,0,-20.7994,-41.3948
"28/03/2020",30,"João Neiva",0,0,3,0,-19.7577,-40.386
"28/03/2020",30,"Laranja da Terra",0,1,0,0,-19.8994,-41.0621
"28/03/2020",30,"Linhares",4,46,84,0,-19.3946,-40.0643
"28/03/2020",30,"Mantenópolis",0,0,1,0,-18.8594,-41.124
"28/03/2020",30,"Marataízes",0,3,2,0,-21.0398,-40.8384
"28/03/2020",30,"Marechal Floriano",0,0,3,0,-20.4159,-40.67
"28/03/2020",30,"Marilândia",0,0,5,0,-19.4114,-40.5456
"28/03/2020",30,"Mimoso do Sul",0,0,5,0,-21.0628,-41.3615
"28/03/2020",30,"Montanha",0,0,2,0,-18.1303,-40.3668
"28/03/2020",30,"Muniz Freire",0,0,2,0,-20.4652,-41.4156
"28/03/2020",30,"Muqui",0,0,1,0,-20.9509,-41.346
"28/03/2020",30,"Pancas",0,0,2,0,-19.2229,-40.8534
"28/03/2020",30,"Pedro Canário",0,0,1,0,-18.3004,-39.9574
"28/03/2020",30,"Pinheiros",0,2,7,0,-18.4141,-40.2171
"28/03/2020",30,"Piúma",0,3,9,0,-20.8334,-40.7268
"28/03/2020",30,"Ponto Belo",0,1,0,0,-18.1253,-40.5458
"28/03/2020",30,"Rio Bananal",0,1,3,0,-19.2719,-40.3366
"28/03/2020",30,"Rio Novo do Sul",0,0,2,0,-20.8556,-40.9388
"28/03/2020",30,"Santa Teresa",1,1,0,0,-19.9363,-40.5979
"28/03/2020",30,"São Gabriel da Palha",0,1,0,0,-19.0182,-40.5365
"28/03/2020",30,"São Mateus",0,6,6,0,-18.7214,-39.8579
"28/03/2020",30,"São Roque do Canaã",1,0,1,0,-19.7411,-40.6526
"28/03/2020",30,"Serra",5,54,250,0,-20.121,-40.3074
"28/03/2020",30,"Vargem Alta",0,1,1,0,-20.669,-41.0179
"28/03/2020",30,"Venda Nova do Imigrante",0,1,3,0,-20.327,-41.1355
"28/03/2020",30,"Viana",0,6,35,0,-20.3825,-40.4933
"28/03/2020",30,"Viana",0,6,35,0,-3.20451,-44.9912
"28/03/2020",30,"Vila Pavão",0,0,1,0,-18.6091,-40.609
"28/03/2020",30,"Vila Velha",24,143,230,0,-20.3417,-40.2875
"28/03/2020",30,"Vitória",20,124,112,0,-20.3155,-40.3128
"29/03/2020",31,"Afonso Cláudio",0,1,0,0,-20.0778,-41.1261
"29/03/2020",31,"Água Doce do Norte",0,1,2,0,-18.5482,-40.9854
"29/03/2020",31,"Alegre",0,2,1,0,-20.758,-41.5382
"29/03/2020",31,"Alfredo Chaves",0,4,2,0,-20.6396,-40.7543
"29/03/2020",31,"Anchieta",0,1,5,0,-26.5382,-53.3319
"29/03/2020",31,"Anchieta",0,1,5,0,-20.7955,-40.6425
"29/03/2020",31,"Apiacá",0,0,18,0,-21.1523,-41.5693
"29/03/2020",31,"Aracruz",0,7,5,0,-19.82,-40.2764
"29/03/2020",31,"Barra de São Francisco",0,2,3,0,-18.7548,-40.8965
"29/03/2020",31,"Boa Esperança",0,1,0,0,-24.2467,-52.7876
"29/03/2020",31,"Boa Esperança",0,1,0,0,-21.0927,-45.5612
"29/03/2020",31,"Boa Esperança",0,1,0,0,-18.5395,-40.3025
"29/03/2020",31,"Bom Jesus do Norte",0,0,10,0,-21.1173,-41.6731
"29/03/2020",31,"Cachoeiro de Itapemirim",1,17,20,0,-20.8462,-41.1198
"29/03/2020",31,"Cariacica",2,50,89,0,-20.2632,-40.4165
"29/03/2020",31,"Castelo",1,4,5,0,-20.6033,-41.2031
"29/03/2020",31,"Colatina",0,10,14,0,-19.5493,-40.6269
"29/03/2020",31,"Divino de São Lourenço",0,1,0,0,-20.6229,-41.6937
"29/03/2020",31,"Domingos Martins",0,5,6,0,-20.3603,-40.6594
"29/03/2020",31,"Dores do Rio Preto",0,0,1,0,-20.6931,-41.8405
"29/03/2020",31,"Ecoporanga",0,0,1,0,-18.3702,-40.836
"29/03/2020",31,"Fundão",0,0,13,0,-19.937,-40.4078
"29/03/2020",31,"Guaçuí",0,4,1,0,-20.7668,-41.6734
"29/03/2020",31,"Guarapari",1,14,8,0,-20.6772,-40.5093
"29/03/2020",31,"Ibiraçu",0,0,1,0,-19.8366,-40.3732
"29/03/2020",31,"Iconha",0,1,5,0,-20.7913,-40.8132
"29/03/2020",31,"Itaguaçu",0,1,0,0,-19.8018,-40.8601
"29/03/2020",31,"Itapemirim",1,2,1,0,-21.0095,-40.8307
"29/03/2020",31,"Itarana",0,1,1,0,-19.875,-40.8753
"29/03/2020",31,"Jaguaré",0,2,1,0,-18.907,-40.0759
"29/03/2020",31,"Jerônimo Monteiro",0,1,1,0,-20.7994,-41.3948
"29/03/2020",31,"João Neiva",0,0,3,0,-19.7577,-40.386
"29/03/2020",31,"Laranja da Terra",0,1,0,0,-19.8994,-41.0621
"29/03/2020",31,"Linhares",4,51,91,0,-19.3946,-40.0643
"29/03/2020",31,"Mantenópolis",0,0,1,0,-18.8594,-41.124
"29/03/2020",31,"Marataízes",0,3,2,0,-21.0398,-40.8384
"29/03/2020",31,"Marechal Floriano",0,0,3,0,-20.4159,-40.67
"29/03/2020",31,"Marilândia",0,0,5,0,-19.4114,-40.5456
"29/03/2020",31,"Mimoso do Sul",0,1,5,0,-21.0628,-41.3615
"29/03/2020",31,"Montanha",0,0,2,0,-18.1303,-40.3668
"29/03/2020",31,"Muniz Freire",0,2,0,0,-20.4652,-41.4156
"29/03/2020",31,"Muqui",0,0,1,0,-20.9509,-41.346
"29/03/2020",31,"Nova Venécia",0,4,3,0,-18.715,-40.4053
"29/03/2020",31,"Pancas",0,0,2,0,-19.2229,-40.8534
"29/03/2020",31,"Pedro Canário",0,1,2,0,-18.3004,-39.9574
"29/03/2020",31,"Pinheiros",0,2,7,0,-18.4141,-40.2171
"29/03/2020",31,"Piúma",0,3,11,0,-20.8334,-40.7268
"29/03/2020",31,"Ponto Belo",0,1,0,0,-18.1253,-40.5458
"29/03/2020",31,"Rio Bananal",0,2,2,0,-19.2719,-40.3366
"29/03/2020",31,"Rio Novo do Sul",0,1,1,0,-20.8556,-40.9388
"29/03/2020",31,"Santa Maria de Jetibá",0,5,1,0,-20.0253,-40.7439
"29/03/2020",31,"Santa Teresa",1,1,0,0,-19.9363,-40.5979
"29/03/2020",31,"São Gabriel da Palha",0,1,0,0,-19.0182,-40.5365
"29/03/2020",31,"São Mateus",1,8,5,0,-18.7214,-39.8579
"29/03/2020",31,"São Roque do Canaã",1,0,1,0,-19.7411,-40.6526
"29/03/2020",31,"Serra",9,63,266,0,-20.121,-40.3074
"29/03/2020",31,"Vargem Alta",0,1,1,0,-20.669,-41.0179
"29/03/2020",31,"Venda Nova do Imigrante",0,3,1,0,-20.327,-41.1355
"29/03/2020",31,"Viana",0,7,38,0,-20.3825,-40.4933
"29/03/2020",31,"Viana",0,7,38,0,-3.20451,-44.9912
"29/03/2020",31,"Vila Pavão",0,1,0,0,-18.6091,-40.609
"29/03/2020",31,"Vila Velha",28,163,225,0,-20.3417,-40.2875
"29/03/2020",31,"Vitória",21,133,117,0,-20.3155,-40.3128
"29/03/2020",31,"São José do Calçado",0,0,1,0,-21.0274,-41.6636
"29/03/2020",31,"Governador Lindenberg",0,0,1,0,-19.1864,-40.4473
"30/03/2020",32,"Afonso Cláudio",0,1,0,0,-20.0778,-41.1261
"30/03/2020",32,"Água Doce do Norte",0,1,2,0,-18.5482,-40.9854
"30/03/2020",32,"Alegre",0,2,1,0,-20.758,-41.5382
"30/03/2020",32,"Alfredo Chaves",0,4,2,0,-20.6396,-40.7543
"30/03/2020",32,"Anchieta",0,1,5,0,-26.5382,-53.3319
"30/03/2020",32,"Anchieta",0,1,5,0,-20.7955,-40.6425
"30/03/2020",32,"Apiacá",0,0,18,0,-21.1523,-41.5693
"30/03/2020",32,"Aracruz",0,7,6,0,-19.82,-40.2764
"30/03/2020",32,"Barra de São Francisco",0,3,2,0,-18.7548,-40.8965
"30/03/2020",32,"Boa Esperança",0,1,0,0,-24.2467,-52.7876
"30/03/2020",32,"Boa Esperança",0,1,0,0,-21.0927,-45.5612
"30/03/2020",32,"Boa Esperança",0,1,0,0,-18.5395,-40.3025
"30/03/2020",32,"Bom Jesus do Norte",0,0,11,0,-21.1173,-41.6731
"30/03/2020",32,"Cachoeiro de Itapemirim",1,17,22,0,-20.8462,-41.1198
"30/03/2020",32,"Cariacica",3,51,98,0,-20.2632,-40.4165
"30/03/2020",32,"Castelo",1,4,7,0,-20.6033,-41.2031
"30/03/2020",32,"Colatina",0,11,13,0,-19.5493,-40.6269
"30/03/2020",32,"Divino de São Lourenço",0,1,0,0,-20.6229,-41.6937
"30/03/2020",32,"Domingos Martins",0,5,6,0,-20.3603,-40.6594
"30/03/2020",32,"Dores do Rio Preto",0,1,0,0,-20.6931,-41.8405
"30/03/2020",32,"Ecoporanga",0,0,1,0,-18.3702,-40.836
"30/03/2020",32,"Fundão",0,0,16,0,-19.937,-40.4078
"30/03/2020",32,"Guaçuí",0,4,1,0,-20.7668,-41.6734
"30/03/2020",32,"Guarapari",1,15,7,0,-20.6772,-40.5093
"30/03/2020",32,"Ibiraçu",0,0,1,0,-19.8366,-40.3732
"30/03/2020",32,"Iconha",0,1,5,0,-20.7913,-40.8132
"30/03/2020",32,"Itaguaçu",0,1,0,0,-19.8018,-40.8601
"30/03/2020",32,"Itapemirim",1,2,1,0,-21.0095,-40.8307
"30/03/2020",32,"Itarana",0,1,1,0,-19.875,-40.8753
"30/03/2020",32,"Jaguaré",0,2,1,0,-18.907,-40.0759
"30/03/2020",32,"Jerônimo Monteiro",0,1,1,0,-20.7994,-41.3948
"30/03/2020",32,"João Neiva",0,0,3,0,-19.7577,-40.386
"30/03/2020",32,"Laranja da Terra",0,1,0,0,-19.8994,-41.0621
"30/03/2020",32,"Linhares",4,51,95,0,-19.3946,-40.0643
"30/03/2020",32,"Mantenópolis",0,0,1,0,-18.8594,-41.124
"30/03/2020",32,"Marataízes",0,3,2,0,-21.0398,-40.8384
"30/03/2020",32,"Marechal Floriano",0,0,3,0,-20.4159,-40.67
"30/03/2020",32,"Marilândia",0,0,5,0,-19.4114,-40.5456
"30/03/2020",32,"Mimoso do Sul",0,1,5,0,-21.0628,-41.3615
"30/03/2020",32,"Montanha",0,0,4,0,-18.1303,-40.3668
"30/03/2020",32,"Muniz Freire",0,2,0,0,-20.4652,-41.4156
"30/03/2020",32,"Muqui",0,0,1,0,-20.9509,-41.346
"30/03/2020",32,"Pancas",0,1,2,0,-19.2229,-40.8534
"30/03/2020",32,"Pedro Canário",0,1,2,0,-18.3004,-39.9574
"30/03/2020",32,"Pinheiros",0,2,7,0,-18.4141,-40.2171
"30/03/2020",32,"Piúma",0,3,11,0,-20.8334,-40.7268
"30/03/2020",32,"Ponto Belo",0,1,0,0,-18.1253,-40.5458
"30/03/2020",32,"Rio Bananal",0,2,2,0,-19.2719,-40.3366
"30/03/2020",32,"Rio Novo do Sul",0,1,1,0,-20.8556,-40.9388
"30/03/2020",32,"Santa Maria de Jetibá",0,5,1,0,-20.0253,-40.7439
"30/03/2020",32,"Santa Teresa",1,1,0,0,-19.9363,-40.5979
"30/03/2020",32,"São Gabriel da Palha",0,1,0,0,-19.0182,-40.5365
"30/03/2020",32,"São Mateus",1,8,6,0,-18.7214,-39.8579
"30/03/2020",32,"São Roque do Canaã",1,0,1,0,-19.7411,-40.6526
"30/03/2020",32,"Serra",13,66,275,0,-20.121,-40.3074
"30/03/2020",32,"Vargem Alta",0,1,1,0,-20.669,-41.0179
"30/03/2020",32,"Venda Nova do Imigrante",0,3,2,0,-20.327,-41.1355
"30/03/2020",32,"Viana",0,7,39,0,-20.3825,-40.4933
"30/03/2020",32,"Viana",0,7,39,0,-3.20451,-44.9912
"30/03/2020",32,"Vila Pavão",0,1,0,0,-18.6091,-40.609
"30/03/2020",32,"Vila Velha",31,167,226,0,-20.3417,-40.2875
"30/03/2020",32,"Vitória",26,139,118,0,-20.3155,-40.3128
"30/03/2020",32,"Nova Venécia",0,4,2,0,-18.715,-40.4053
"30/03/2020",32,"São José do Calçado",0,0,1,0,-21.0274,-41.6636
"30/03/2020",32,"Governador Lindenberg",0,0,1,0,-19.1864,-40.4473
"19/03/2020",21,"Aracruz",0,4,0,0,-19.82,-40.2764
"19/03/2020",21,"Colatina",0,2,9,0,-19.5493,-40.6269
"19/03/2020",21,"Ibiraçu",0,0,1,0,-19.8366,-40.3732
"19/03/2020",21,"João Neiva",0,0,1,0,-19.7577,-40.386
"19/03/2020",21,"Linhares",1,8,36,0,-19.3946,-40.0643
"19/03/2020",21,"Rio Bananal",0,0,1,0,-19.2719,-40.3366
"19/03/2020",21,"São Domingos do Norte",0,0,1,0,-19.1452,-40.6281
"19/03/2020",21,"São Gabriel da Palha",0,0,1,0,-19.0182,-40.5365
"19/03/2020",21,"Cariacica",0,14,61,0,-20.2632,-40.4165
"19/03/2020",21,"Domingos Martins",0,0,4,0,-20.3603,-40.6594
"19/03/2020",21,"Guarapari",0,3,5,0,-20.6772,-40.5093
"19/03/2020",21,"Laranja da Terra",0,0,1,0,-19.8994,-41.0621
"19/03/2020",21,"Marechal Floriano",0,0,3,0,-20.4159,-40.67
"19/03/2020",21,"Santa Maria de Jetibá",0,1,3,0,-20.0253,-40.7439
"19/03/2020",21,"Santa Teresa",0,0,2,0,-19.9363,-40.5979
"19/03/2020",21,"Serra",0,16,80,0,-20.121,-40.3074
"19/03/2020",21,"Venda Nova do Imigrante",0,1,1,0,-20.327,-41.1355
"19/03/2020",21,"Viana",0,1,7,0,-20.3825,-40.4933
"19/03/2020",21,"Viana",0,1,7,0,-3.20451,-44.9912
"19/03/2020",21,"Vila Velha",7,45,169,0,-20.3417,-40.2875
"19/03/2020",21,"Vitória",5,42,69,0,-20.3155,-40.3128
"19/03/2020",21,"Água Doce do Norte",0,1,0,0,-18.5482,-40.9854
"19/03/2020",21,"Barra de São Francisco",0,0,2,0,-18.7548,-40.8965
"19/03/2020",21,"Nova Venécia",0,1,4,0,-18.715,-40.4053
"19/03/2020",21,"São Mateus",0,2,3,0,-18.7214,-39.8579
"19/03/2020",21,"Cachoeiro de Itapemirim",0,5,11,0,-20.8462,-41.1198
"19/03/2020",21,"Anchieta",0,0,1,0,-26.5382,-53.3319
"19/03/2020",21,"Anchieta",0,0,1,0,-20.7955,-40.6425
"19/03/2020",21,"Dores do Rio Preto",0,0,1,0,-20.6931,-41.8405
"19/03/2020",21,"Castelo",0,0,1,0,-20.6033,-41.2031
"19/03/2020",21,"Itapemirim",0,0,1,0,-21.0095,-40.8307
"19/03/2020",21,"Marataízes",0,0,2,0,-21.0398,-40.8384
"19/03/2020",21,"Piúma",0,1,3,0,-20.8334,-40.7268
"19/03/2020",21,"Presidente Kennedy",0,0,1,0,-8.5406,-48.5062
"19/03/2020",21,"Presidente Kennedy",0,0,1,0,-21.0964,-41.0468
"19/03/2020",21,"Iconha",0,0,2,0,-20.7913,-40.8132
"19/03/2020",21,"Alegre",0,1,1,0,-20.758,-41.5382
"20/03/2020",22,"Aracruz",0,4,0,0,-19.82,-40.2764
"20/03/2020",22,"Colatina",0,2,11,0,-19.5493,-40.6269
"20/03/2020",22,"Ibiraçu",0,0,1,0,-19.8366,-40.3732
"20/03/2020",22,"João Neiva",0,0,1,0,-19.7577,-40.386
"20/03/2020",22,"Linhares",1,8,36,0,-19.3946,-40.0643
"20/03/2020",22,"Rio Bananal",0,0,1,0,-19.2719,-40.3366
"20/03/2020",22,"São Domingos do Norte",0,0,1,0,-19.1452,-40.6281
"20/03/2020",22,"São Gabriel da Palha",0,0,1,0,-19.0182,-40.5365
"20/03/2020",22,"Afonso Cláudio",0,0,1,0,-20.0778,-41.1261
"20/03/2020",22,"Cariacica",1,15,49,0,-20.2632,-40.4165
"20/03/2020",22,"Domingos Martins",0,0,4,0,-20.3603,-40.6594
"20/03/2020",22,"Fundão",0,0,1,0,-19.937,-40.4078
"20/03/2020",22,"Guarapari",0,3,5,0,-20.6772,-40.5093
"20/03/2020",22,"Itarana",0,0,1,0,-19.875,-40.8753
"20/03/2020",22,"Laranja da Terra",0,1,0,0,-19.8994,-41.0621
"20/03/2020",22,"Santa Maria de Jetibá",0,1,2,0,-20.0253,-40.7439
"20/03/2020",22,"Santa Teresa",0,1,2,0,-19.9363,-40.5979
"20/03/2020",22,"Serra",0,16,73,0,-20.121,-40.3074
"20/03/2020",22,"Venda Nova do Imigrante",0,1,2,0,-20.327,-41.1355
"20/03/2020",22,"Viana",0,1,7,0,-20.3825,-40.4933
"20/03/2020",22,"Viana",0,1,7,0,-3.20451,-44.9912
"20/03/2020",22,"Vila Velha",7,45,163,0,-20.3417,-40.2875
"20/03/2020",22,"Vitória",6,43,89,0,-20.3155,-40.3128
"20/03/2020",22,"Água Doce do Norte",0,1,0,0,-18.5482,-40.9854
"20/03/2020",22,"Barra de São Francisco",0,0,4,0,-18.7548,-40.8965
"20/03/2020",22,"Ecoporanga",0,0,1,0,-18.3702,-40.836
"20/03/2020",22,"Nova Venécia",0,1,5,0,-18.715,-40.4053
"20/03/2020",22,"São Mateus",0,2,3,0,-18.7214,-39.8579
"20/03/2020",22,"Anchieta",0,0,2,0,-26.5382,-53.3319
"20/03/2020",22,"Anchieta",0,0,2,0,-20.7955,-40.6425
"20/03/2020",22,"Cachoeiro de Itapemirim",1,5,8,0,-20.8462,-41.1198
"20/03/2020",22,"Castelo",0,0,1,0,-20.6033,-41.2031
"20/03/2020",22,"Dores do Rio Preto",0,0,1,0,-20.6931,-41.8405
"20/03/2020",22,"Itapemirim",0,0,1,0,-21.0095,-40.8307
"20/03/2020",22,"Marataízes",0,1,1,0,-21.0398,-40.8384
"20/03/2020",22,"Piúma",0,1,3,0,-20.8334,-40.7268
"20/03/2020",22,"Presidente Kennedy",0,0,1,0,-8.5406,-48.5062
"20/03/2020",22,"Presidente Kennedy",0,0,1,0,-21.0964,-41.0468
"20/03/2020",22,"Iconha",0,0,3,0,-20.7913,-40.8132
"20/03/2020",22,"Alegre",0,1,1,0,-20.758,-41.5382
"21/03/2020",23,"Aracruz",0,4,0,0,-19.82,-40.2764
"21/03/2020",23,"Colatina",0,3,12,0,-19.5493,-40.6269
"21/03/2020",23,"Ibiraçu",0,0,1,0,-19.8366,-40.3732
"21/03/2020",23,"João Neiva",0,0,1,0,-19.7577,-40.386
"21/03/2020",23,"Linhares",2,20,29,0,-19.3946,-40.0643
"21/03/2020",23,"Marilândia",0,0,2,0,-19.4114,-40.5456
"21/03/2020",23,"Rio Bananal",0,0,2,0,-19.2719,-40.3366
"21/03/2020",23,"São Domingos do Norte",0,0,1,0,-19.1452,-40.6281
"21/03/2020",23,"São Gabriel da Palha",0,0,1,0,-19.0182,-40.5365
"21/03/2020",23,"Afonso Cláudio",0,0,1,0,-20.0778,-41.1261
"21/03/2020",23,"Cariacica",1,18,62,0,-20.2632,-40.4165
"21/03/2020",23,"Domingos Martins",0,1,3,0,-20.3603,-40.6594
"21/03/2020",23,"Fundão",0,0,1,0,-19.937,-40.4078
"21/03/2020",23,"Guarapari",0,4,7,0,-20.6772,-40.5093
"21/03/2020",23,"Itarana",0,0,1,0,-19.875,-40.8753
"21/03/2020",23,"Laranja da Terra",0,1,0,0,-19.8994,-41.0621
"21/03/2020",23,"Santa Maria de Jetibá",0,2,4,0,-20.0253,-40.7439
"21/03/2020",23,"Santa Teresa",0,1,3,0,-19.9363,-40.5979
"21/03/2020",23,"Serra",0,27,99,0,-20.121,-40.3074
"21/03/2020",23,"Venda Nova do Imigrante",0,1,2,0,-20.327,-41.1355
"21/03/2020",23,"Viana",0,3,9,0,-20.3825,-40.4933
"21/03/2020",23,"Viana",0,3,9,0,-3.20451,-44.9912
"21/03/2020",23,"Vila Velha",11,69,197,0,-20.3417,-40.2875
"21/03/2020",23,"Vitória",11,58,98,0,-20.3155,-40.3128
"21/03/2020",23,"Água Doce do Norte",0,1,0,0,-18.5482,-40.9854
"21/03/2020",23,"Barra de São Francisco",0,1,4,0,-18.7548,-40.8965
"21/03/2020",23,"Bom Jesus do Norte",0,0,2,0,-21.1173,-41.6731
"21/03/2020",23,"Montanha",0,0,1,0,-18.1303,-40.3668
"21/03/2020",23,"Ecoporanga",0,0,1,0,-18.3702,-40.836
"21/03/2020",23,"Nova Venécia",0,2,4,0,-18.715,-40.4053
"21/03/2020",23,"São Mateus",0,3,3,0,-18.7214,-39.8579
"21/03/2020",23,"Anchieta",0,0,3,0,-26.5382,-53.3319
"21/03/2020",23,"Anchieta",0,0,3,0,-20.7955,-40.6425
"21/03/2020",23,"Cachoeiro de Itapemirim",1,8,7,0,-20.8462,-41.1198
"21/03/2020",23,"Apiacá",0,0,2,0,-21.1523,-41.5693
"21/03/2020",23,"Castelo",0,0,3,0,-20.6033,-41.2031
"21/03/2020",23,"Dores do Rio Preto",0,0,1,0,-20.6931,-41.8405
"21/03/2020",23,"Itapemirim",0,0,1,0,-21.0095,-40.8307
"21/03/2020",23,"Marataízes",0,2,0,0,-21.0398,-40.8384
"21/03/2020",23,"Mimoso do Sul",0,0,1,0,-21.0628,-41.3615
"21/03/2020",23,"Piúma",0,1,5,0,-20.8334,-40.7268
"21/03/2020",23,"Presidente Kennedy",0,0,2,0,-8.5406,-48.5062
"21/03/2020",23,"Presidente Kennedy",0,0,2,0,-21.0964,-41.0468
"21/03/2020",23,"Iconha",0,0,3,0,-20.7913,-40.8132
"21/03/2020",23,"Alegre",0,2,0,0,-20.758,-41.5382